0009409;DC CASA COLTELLO TAVOLA P/TONDA 11CM 6PZ NERO;FAMILY;1,36;;3
0009410;DC CASA COLTELLO TAVOLA P/BISTECCA 11CM 6PZ NERO;FAMILY;1,36;;3
0122558;DC CASA FILTRO LAVELLO INOX C/MOLLA 6CM;FAMILY;0,44;;3
0128508;DC CASA MANICO+POMOLO CAFFETTIERA 1TZ;FAMILY;0,33;;3
0128509;DC CASA MANICO+POMOLO CAFFETTIERA 3TZ;FAMILY;0,36;;3
0129136;DC CASA VASSOIO RETTANG. BIANCO 30.2X41CM 1PZ;FAMILY;0,52;;3
0129168;DC CASA VASSOIO RETTANG. ORO 17X24CM 4PZ;FAMILY;0,56;;3
0129173;DC CASA VASSOIO RETTANG. ORO 30.2X41CM;FAMILY;0,52;;3
0129176;DC CASA VASSOIO TRINATO TONDO BIANCO 30CM;FAMILY;0,71;;3
0129189;DC CASA SCATOLA TORTA 25X25CM;FAMILY;0,68;;3
0129195;DC CASA SCATOLA TORTA 33X33CM;FAMILY;0,83;;3
0129197;DC CASA SCATOLA TORTA 36X36CM;FAMILY;1,20;;3
0129359;DC CASA SOTTOTORTA ROTONDO ORO 28CM;FAMILY;0,54;;3
0129361;DC CASA SOTTOTORTA ROTONDO ORO 32CM;FAMILY;0,83;;3
0129364;DC CASA SOTTOTORTA ROTONDO ORO 34CM;FAMILY;0,97;;3
0131578;DC CASA SOTTOTORTA ROTONDO ORO 38CM;FAMILY;1,64;;3
0132486;DC CASA SCATOLA TORTA 40X40CM;FAMILY;1,17;;3
0135699;DC CASA GRAN FUOCO PADELLA 18CM;FAMILY;3,29;;3
0135700;DC CASA GRAN FUOCO PADELLA 20CM;FAMILY;3,49;;3
0135701;DC CASA GRAN FUOCO PADELLA 22CM;FAMILY;5,55;;3
0135702;DC CASA GRAN FUOCO PADELLA 24CM;FAMILY;4,28;;3
0135703;DC CASA GRAN FUOCO PADELLA 26CM;FAMILY;6,71;;3
0135704;DC CASA GRAN FUOCO PADELLA 28CM;FAMILY;4,69;;3
0135705;DC CASA GRAN FUOCO PADELLA 30CM;FAMILY;4,89;;3
0135706;DC CASA GRAN FUOCO PADELLA ALTA 20CM;FAMILY;3,79;;3
0135707;DC CASA GRAN FUOCO PADELLA ALTA 24CM;FAMILY;4,59;;3
0135708;DC CASA GRAN FUOCO PADELLA ALTA 28CM;FAMILY;5,19;;3
0135709;DC CASA GRAN FUOCO PADELLA ALTA 32CM;FAMILY;5,99;;3
0136900;DC CASA L/BONTA CASA STAMPO DOLCI 6P 26.5X18X2.5CM;FAMILY;1,71;;3
0136901;DC CASA L/BONTA CASA STAMPO DOLCI 6P 26.5X18X2.5CM;FAMILY;1,71;;3
0137146;DC CASA COLTELLO TAVOLA P/TONDA 6PZ BIANCO;FAMILY;1,36;;3
0137147;DC CASA COLTELLO TAVOLA P/TONDA 6PZ ROSSO;FAMILY;1,36;;3
0137150;DC CASA COLTELLO TAVOLA P/TONDA 6PZ NERO;FAMILY;1,36;;3
0137159;DC CASA COLTELLO TAVOLA P/BISTECCA 6PZ NERO;FAMILY;1,36;;3
0137179;DC CASA FORCHETTA TAVOLA INOX 6PZ NERO;FAMILY;2,42;;3
0142014;DC CASA GRAN FUOCO PADELLA ALTA 22CM;FAMILY;3,99;;3
0142015;DC CASA GRAN FUOCO PADELLA ALTA 26CM;FAMILY;4,89;;3
0142016;DC CASA GRAN FUOCO PADELLA ALTA 30CM;FAMILY;5,69;;3
0150903;DC CASA VASSOIO RETTANG. ORO 12.8X18CM 6PZ;FAMILY;0,53;;3
0150904;DC CASA VASSOIO RETTANG. ORO 15.3X22CM 5PZ;FAMILY;0,54;;3
0151093;DC CASA BARCHETTA LEGNO FINGER FOOD 7.5CM 16PZ;FAMILY;0,73;;3
0151094;DC CASA BARCHETTA LEGNO FINGER FOOD 10CM 14PZ;FAMILY;0,72;;3
0151095;DC CASA BARCHETTA LEGNO FINGER FOOD 12CM 12PZ;FAMILY;0,72;;3
0151096;DC CASA BARCHETTA LEGNO FINGER FOOD 15CM 9PZ;FAMILY;0,68;;3
0151097;DC CASA BARCHETTA LEGNO FINGER FOOD 17.5CM 6PZ;FAMILY;0,80;;3
0151098;DC CASA BARCHETTA LEGNO FINGER FOOD 19CM 5PZ;FAMILY;0,90;;3
0151099;DC CASA BARCHETTA LEGNO FINGER FOOD 23CM 4PZ;FAMILY;1,01;;3
0151100;DC CASA CONO LEGNO FINGER FOOD 12CM 14PZ;FAMILY;0,70;;3
0151101;DC CASA CONO LEGNO FINGER FOOD 16CM 12PZ;FAMILY;0,70;;3
0151102;DC CASA CONO LEGNO FINGER FOOD 18CM 10PZ;FAMILY;0,95;;3
0151105;DC CASA COPPETTA LEGNO FINGER FOOD 4.5CM 8PZ;FAMILY;0,69;;3
0151106;DC CASA COPPETTA LEGNO FINGER FOOD 6CM 6PZ;FAMILY;0,81;;3
0202851;DC CASA COLTELLO TAVOLA P/TONDA 6PZ TORTORA;FAMILY;1,36;;3
0206300;DC CASA FLUTE PLAST. 6PZ TRASPARENTE;FAMILY;0,87;;3
0206303;DC CASA FLUTE PLAST. 6PZ BIANCO;FAMILY;0,87;;3
0206306;DC CASA FLUTE PLAST. 6PZ NERO;FAMILY;0,87;;3
0208675;DC CASA MACINA PEPE GOMMA-LEGNO 5X5X21.5CM;FAMILY;2,39;;3
0208680;DC CASA MACINA PEPE CRILEX 5X5X16.5CM;FAMILY;3,05;;3
0208681;DC CASA MACINA PEPE CRILEX 6X6X21.5CM;FAMILY;3,26;;3
0212878;DC CASA SCATOLA TORTA 31X31CM;FAMILY;0,83;;3
0212879;DC CASA SOTTOTORTA ROTONDO ORO 30CM;FAMILY;0,74;;3
0212880;DC CASA VASSOIO RETTANG. ORO 45.3X33.8CM;FAMILY;0,53;;3
0214420;DC CASA PIATTO RICCIO ORO 30CM 2PZ;FAMILY;1,21;;3
0214494;DC CASA BASE TONDA POLISTIROLO H5CM D10CM;FAMILY;0,21;;3
0214495;DC CASA BASE TONDA POLISTIROLO H5CM D15CM;FAMILY;0,33;;3
0214496;DC CASA BASE TONDA POLISTIROLO H5CM D20CM;FAMILY;0,58;;3
0214497;DC CASA BASE TONDA POLISTIROLO H5CM D25CM;FAMILY;0,85;;3
0214498;DC CASA BASE TONDA POLISTIROLO H5CM D30CM;FAMILY;1,17;;3
0215547;DC CASA DOSASALE VETRO 150ML 7X7X11.5CM;FAMILY;0,83;;3
0215548;DC CASA DOSAZUCCHERO VETRO 300ML;FAMILY;0,86;;3
0215559;DC CASA OLIERA VETRO 500ML;FAMILY;0,99;;3
0217226;DC CASA TAGLIERE ARDESIA QUADRATO 15X15X0.5CM;FAMILY;0,69;;3
0217227;DC CASA TAGLIERE ARDESIA RETTANG. 22X14X0.5CM;FAMILY;0,97;;3
0217228;DC CASA TAGLIERE ARDESIA RETTANG. 30X15X0.5CM;FAMILY;1,22;;3
0217229;DC CASA TAGLIERE ARDESIA QUADRATO 20X20X0.5CM;FAMILY;1,02;;3
0217230;DC CASA TAGLIERE ARDESIA RETTANG. 30X20X0.5CM;FAMILY;2,07;;3
0217231;DC CASA TAGLIERE ARDESIA TONDO D20X0.5CM;FAMILY;1,71;;3
0217235;DC CASA POMELLO COPERCHIO A VITE IN PP NERO;FAMILY;0,35;;3
0220166;DC CASA BARATTOLO ERMETICO VETRO  500ML;FAMILY;1,22;;3
0220167;DC CASA BARATTOLO ERMETICO VETRO  650ML;FAMILY;1,36;;3
0220168;DC CASA BARATTOLO ERMETICO VETRO 1000ML;FAMILY;1,48;;3
0220169;DC CASA BARATTOLO ERMETICO VETRO 1500ML;FAMILY;1,86;;3
0220170;DC CASA BARATTOLO ERMETICO VETRO 100ML;FAMILY;0,66;;3
0220172;DC CASA BARATTOLO ERMETICO VETRO 100ML;FAMILY;0,66;;3
0220178;DC CASA CONTENITORE VETRO C/COP.400ML 12.6X14.8CM;FAMILY;1,22;;3
0220179;DC CASA CONTENITORE VETRO C/COP.1150ML 17.6X18.5CM;FAMILY;2,81;;3
0220354;DC CASA L/BONTA CASA STAMPO DOLCI 6P 26.5X18X2.5CM;FAMILY;1,71;;3
0220355;DC CASA STAMPO CROSTATINA 6POSTI 26.5X18X1.8CM;FAMILY;1,71;;3
0220356;DC CASA STAMPO CIAMBELLINA 6POSTI 26.5X18.5X2.8CM;FAMILY;1,71;;3
0220567;DC CASA L/BLACK PINZA CUCINA NYLON 30.5CM;FAMILY;1,68;;3
0220569;DC CASA L/BLACK PALA LASAGNE NYLON 32CM;FAMILY;1,58;;3
0221317;DC CASA TAGLIERE ARDESIA RETTANG. 30X11X0.5CM;FAMILY;0,88;;3
0221318;DC CASA TAGLIERE ARDESIA QUADRATO 30X30X0.5CM;FAMILY;2,07;;3
0221319;DC CASA TAGLIERE ARDESIA QUADRATO 25X25X0.5CM;FAMILY;1,44;;3
0221777;DC CASA BARATT.ERMETICO VETRO 1400ML D14X16.9CM;FAMILY;1,82;;3
0221778;DC CASA BARATT.ERMETICO VETRO 600ML D11.5X14.1CM;FAMILY;1,15;;3
0221785;DC CASA BOTTIG.VETRO+TAPPO S/GOCCIA 260ML 4.8X25CM;FAMILY;0,71;;3
0221787;DC CASA BOTTIG.VETRO+TAPPO S/GOCCIA 400ML 6.7X29.5;FAMILY;0,99;;3
0221788;DC CASA BOTTIG.VETRO+TAPPO S/GOCCIA 240ML 6.1X24.5;FAMILY;0,72;;3
0221789;DC CASA BOTTIG.VETRO+TAPPO S/GOCCIA 150ML 5.9X19.5;FAMILY;0,57;;3
0222376;DC CASA BARATTOLO VETRO C/COP. 240ML D6.8X9.1CM;FAMILY;0,47;;3
0222379;DC CASA BARATTOLO VETRO C/COP. 950ML D9.3XH18.9CM;FAMILY;0,85;;3
0223813;DC CASA SPRUZZATORE VETRO  80ML 4X15CM;FAMILY;1,00;;3
0223814;DC CASA DOSASPEZIE VETRO 300ML 7.5X13.5CM;FAMILY;0,82;;3
0223815;DC CASA DOSAZUCCHERO VETRO 300ML 7.5X17CM;FAMILY;0,85;;3
0225819;DC CASA CALICE VINO PLAST. H12.5X7.5CM 6PZ TRASP;FAMILY;0,92;;3
0225833;DC CASA SPRUZZATORE VETRO 160ML 5X19.5CM;FAMILY;1,15;;3
0225834;DC CASA SPRUZZATORE VETRO 150ML 6X18CM;FAMILY;1,16;;3
0226237;DC CASA GUARNIZIONE BOTTIGLIE RONDELLA D2.5CM 15PZ;FAMILY;0,73;;3
0227029;DC CASA COLTELLO LEGNO MONOUSO 16.5CM 50PZ;FAMILY;0,35;;3
0227030;DC CASA CUCCHIAIO LEGNO MONOUSO 15.7CM 50PZ;FAMILY;0,43;;3
0228181;DC CASA BOTTIGLIA OLIO/ACETO 350ML 6.5X24.5 ARGENT;FAMILY;1,70;;3
0228182;DC CASA BOTTIGLIA OLIO/ACETO 350ML 6.5X24.5 NERO;FAMILY;1,70;;3
0231816;DC CASA GRAN FUOCO PADELLA 32CM;FAMILY;5,99;;3
0233730;DC CASA OLIERA SPRAY VETRO 100ML;FAMILY;1,01;;3
0233731;DC CASA OLIERA SPRAY VETRO 150ML;FAMILY;1,01;;3
0233948;DC CASA GRATTUGIA PIANA VERDURE PLASTICA;FAMILY;1,41;;3
0234158;DC CASA COPERCHIO VETRO TEMPERATO 18CM;FAMILY;0,99;;3
0234159;DC CASA COPERCHIO VETRO TEMPERATO 20CM;FAMILY;1,08;;3
0234160;DC CASA COPERCHIO VETRO TEMPERATO 22CM;FAMILY;1,16;;3
0234161;DC CASA COPERCHIO VETRO TEMPERATO 24CM;FAMILY;1,21;;3
0234162;DC CASA COPERCHIO VETRO TEMPERATO 26CM;FAMILY;1,33;;3
0234163;DC CASA COPERCHIO VETRO TEMPERATO 28CM;FAMILY;1,43;;3
0234164;DC CASA COPERCHIO VETRO TEMPERATO 30CM;FAMILY;1,67;;3
0234165;DC CASA COPERCHIO VETRO TEMPERATO 32CM;FAMILY;1,83;;3
0235613;DC CASA TAZZA C/MAN. 340ML BLACK/WHITE;FAMILY;1,10;;3
0235614;DC CASA TAZZA C/MAN. 350ML FLUO;FAMILY;1,10;;3
0235615;DC CASA TAZZA C/MAN. 340ML LOVE;FAMILY;1,10;;3
0235617;DC CASA TAZZA C/MAN. 340ML SPACE;FAMILY;1,10;;3
0236158;DC CASA BARATTOLO VETRO C/COP.2300ML 14X24CM;FAMILY;2,29;;3
0236159;DC CASA BARATTOLO VETRO C/COP.1900ML 14X20.5CM;FAMILY;2,08;;3
0236160;DC CASA BARATTOLO VETRO C/COP.1400ML 14X17CM;FAMILY;1,82;;3
0236161;DC CASA BARATTOLO VETRO C/COP. 700ML 11X13.5CM;FAMILY;1,15;;3
0236163;DC CASA BARATTOLO VETRO C/MAN.2.000ML 14X20.5CM;FAMILY;2,26;;3
0236164;DC CASA BARATTOLO VETRO C/MAN.3.000ML 15.5X23.5CM;FAMILY;2,96;;3
0236165;DC CASA BARATTOLO VETRO C/MAN.4.000ML 17X27CM;FAMILY;4,02;;3
0236168;DC CASA BARATTOLO VETRO C/ERMET.1000ML 11X17.5CM;FAMILY;1,94;;3
0236169;DC CASA BARATTOLO VETRO C/ERMET. 750ML 11X14.5CM;FAMILY;1,73;;3
0236173;DC CASA BARATTOLO VETRO C/ERMET.1000ML 11.5X15.5CM;FAMILY;2,37;;3
0236174;DC CASA BARATTOLO VETRO C/ERMET. 750ML 11.5X13CM;FAMILY;1,73;;3
0236175;DC CASA BARATTOLO VETRO C/ERMET. 500ML 11X11CM;FAMILY;1,53;;3
0236176;DC CASA BARATTOLO VETRO C/COP.1300ML 11X23CM;FAMILY;1,70;;3
0236177;DC CASA BARATTOLO VETRO C/COP.1000ML 11X19CM;FAMILY;1,51;;3
0236179;DC CASA BARATTOLO VETRO C/ERMET. 600ML 10.7X11.2CM;FAMILY;1,47;;3
0236181;DC CASA BARATTOLO VETRO C/ERMET.1400ML 12.8X17.4CM;FAMILY;1,86;;3
0236187;DC CASA BARATTOLO VETRO COP.MIELE 200ML 6.5X15.5CM;FAMILY;1,04;;3
0236193;DC CASA OLIERA 250ML+DOSASPEZIE 70ML 4PZ;FAMILY;2,41;;3
0236238;DC CASA BARATTOLO VETRO C/COP.112ML 5.4X7.5CM;FAMILY;0,31;;3
0236253;DC CASA CARAFFA VETRO 1000ML 9.5X27CM;FAMILY;2,60;;3
0236254;DC CASA OLIERA SPRAY VETRO 170ML 6X18.4CM;FAMILY;1,57;;3
0236255;DC CASA OLIERA SPRAY VETRO 300ML 6.6X24.6CM;FAMILY;1,69;;3
0236275;DC CASA BARATT.VETRO C/BAMBU  800ML 9X15CM;FAMILY;2,51;;3
0236276;DC CASA BARATT.VETRO C/BAMBU 1100ML 9X20CM;FAMILY;2,65;;3
0236277;DC CASA BARATT.VETRO C/BAMBU 1300ML 9X24CM;FAMILY;2,65;;3
0237530;DC CASA ROT.ALLUMINIO 8METRI;FAMILY;0,73;;3
0237534;DC CASA ROT.PELLICOLA PE 30METRI;FAMILY;0,69;;3
0237535;DC CASA ROT.PELLICOLA PE 50METRI;FAMILY;0,82;;3
0237624;DC CASA VASCHETTA ALLUM. RETT. 1PORZ. 4PZ;FAMILY;0,34;;3
0237625;DC CASA VASCHETTA ALLUM. RETT. 2PORZ. 3PZ;FAMILY;0,36;;3
0237626;DC CASA VASCHETTA ALLUM. RETT. 4PORZ. 2PZ;FAMILY;0,34;;3
0237627;DC CASA VASCHETTA ALLUM. RETT. 6PORZ. 2PZ;FAMILY;0,55;;3
0237628;DC CASA VASCHETTA ALLUM. RETT. 8PORZ. 2PZ;FAMILY;0,66;;3
0237629;DC CASA VASCHETTA ALLUM. RETT.12PORZ. 1PZ;FAMILY;0,55;;3
0237630;DC CASA VASCHETTA ALLUM. C/COP. RETT. 1PORZ. 4PZ;FAMILY;0,34;;3
0237633;DC CASA VASCHETTA ALLUM. C/COP. RETT. 4PORZ. 2PZ;FAMILY;0,34;;3
0237634;DC CASA VASCHETTA ALLUM. C/COP. RETT. 6PORZ. 2PZ;FAMILY;0,55;;3
0237635;DC CASA VASCHETTA ALLUM. C/COP. RETT. 8PORZ. 2PZ;FAMILY;0,66;;3
0238477;DC CASA CONTENIT.VETRO C/COP. EASY 320ML 11.2X5CM;FAMILY;1,07;;3
0238478;DC CASA CONTENIT.VETRO C/COP. EASY 520ML 13X5.7CM;FAMILY;1,48;;3
0238480;DC CASA CONTENIT.VETRO C/COP. EASY 1200ML 17.6X6.5;FAMILY;2,12;1000 cc;3
0238485;DC CASA CONTENIT.VETRO C/COP.EASY  650ML D15X6CM;FAMILY;1,46;;3
0238486;DC CASA CONTENIT.VETRO C/COP.EASY 960ML D17.5X6.6;FAMILY;1,95;;3
0238490;DC CASA CONT.VETRO C/COP.EASY 1050ML 20X15X6CM;FAMILY;2,13;;3
0238491;DC CASA CONT.VETRO C/COP.EASY 1500ML 22X16.5X6.5CM;FAMILY;2,79;;3
0238492;DC CASA CONT.VETRO C/VALVOLA 370ML 14.5X10.5X4.8;FAMILY;1,48;;3
0238493;DC CASA CONT.VETRO C/VALVOLA 640ML 17X12.6X5.2CM;FAMILY;2,05;;3
0238494;DC CASA CONT.VETRO C/VALVOLA 1050ML 20X15X6CM;FAMILY;2,71;;3
0238495;DC CASA CONT.VETRO C/VALVOLA 1500ML 22X16.5X6.5CM;FAMILY;3,54;;3
0238497;DC CASA CONTENIT.VETRO C/VALVOLA 520ML 13X5.7CM;FAMILY;1,70;;3
0238499;DC CASA CONTENIT.VETRO C/VALVOLA 1200ML 17.6X6.5CM;FAMILY;3,06;;3
0238501;DC CASA CONTENIT.VETRO C/VALVOLA 650ML D15X6;FAMILY;1,78;;3
0238503;DC CASA CONTENIT.VETRO C/VALVOLA 1400ML D19.2X7.3;FAMILY;3,31;;3
0013993;DC CASA SERV.INGLESE 18/C CUCCHIAINO MOKA 11CM 3PZ;ILOMO;1,29;;4
0135699;DC CASA GRAN FUOCO PADELLA 18CM;ILOMO;2,57;;4
0135700;DC CASA GRAN FUOCO PADELLA 20CM;ILOMO;3,01;;4
0135701;DC CASA GRAN FUOCO PADELLA 22CM;ILOMO;3,33;;4
0135702;DC CASA GRAN FUOCO PADELLA 24CM;ILOMO;3,80;;4
0135703;DC CASA GRAN FUOCO PADELLA 26CM;ILOMO;4,08;;4
0135704;DC CASA GRAN FUOCO PADELLA 28CM;ILOMO;4,73;;4
0135705;DC CASA GRAN FUOCO PADELLA 30CM;ILOMO;5,05;;4
0135706;DC CASA GRAN FUOCO PADELLA ALTA 20CM;ILOMO;3,46;;4
0135707;DC CASA GRAN FUOCO PADELLA ALTA 24CM;ILOMO;4,11;;4
0135709;DC CASA GRAN FUOCO PADELLA ALTA 32CM;ILOMO;6,03;;4
0135710;DC CASA GRAN FUOCO PENTOLA 2MAN. 16CM;ILOMO;3,81;;4
0135711;DC CASA GRAN FUOCO PENTOLA 2MAN. 18CM;ILOMO;4,25;;4
0135712;DC CASA GRAN FUOCO PENTOLA 2MAN. 20CM;ILOMO;4,88;;4
0135716;DC CASA GRAN FUOCO TORTIERA 28CM;ILOMO;4,25;;4
0135719;DC CASA GRAN FUOCO CASSERUOLA 2MAN. 18CM;ILOMO;3,81;;4
0135720;DC CASA GRAN FUOCO CASSERUOLA 2MAN. 20CM;ILOMO;4,25;;4
0135721;DC CASA GRAN FUOCO CASSERUOLA 2MAN. 22CM;ILOMO;4,58;;4
0135724;DC CASA GRAN FUOCO BOLLILATTE 10CM;ILOMO;2,12;;4
0142019;DC CASA GRAN FUOCO TORTIERA 24CM;ILOMO;3,43;;4
0231816;DC CASA GRAN FUOCO PADELLA 32CM;ILOMO;5,41;;4
0231820;DC CASA GRAN FUOCO CASSERUOLA 2MAN. 24CM;ILOMO;5,24;;4
0231822;DC CASA GRAN FUOCO PENTOLA 2MAN. 22CM;ILOMO;5,24;;4
0231832;DC CASA GRAN FUOCO PADELLA PANCAKE 28CM;ILOMO;0,00;;4
0234157;DC CASA COPERCHIO VETRO TEMPERATO 16CM;ILOMO;1,29;;4
0234158;DC CASA COPERCHIO VETRO TEMPERATO 18CM;ILOMO;1,37;;4
0234159;DC CASA COPERCHIO VETRO TEMPERATO 20CM;ILOMO;1,52;;4
0234160;DC CASA COPERCHIO VETRO TEMPERATO 22CM;ILOMO;1,55;;4
0234161;DC CASA COPERCHIO VETRO TEMPERATO 24CM;ILOMO;1,76;;4
0234162;DC CASA COPERCHIO VETRO TEMPERATO 26CM;ILOMO;1,91;;4
0234163;DC CASA COPERCHIO VETRO TEMPERATO 28CM;ILOMO;1,98;;4
0234164;DC CASA COPERCHIO VETRO TEMPERATO 30CM;ILOMO;2,14;;4
0135699;DC CASA GRAN FUOCO PADELLA 18CM;MODO;2,52;;6
0135701;DC CASA GRAN FUOCO PADELLA 22CM;MODO;3,06;;6
0135702;DC CASA GRAN FUOCO PADELLA 24CM;MODO;3,47;;6
0135703;DC CASA GRAN FUOCO PADELLA 26CM;MODO;3,87;;6
0135704;DC CASA GRAN FUOCO PADELLA 28CM;MODO;4,23;;6
0135705;DC CASA GRAN FUOCO PADELLA 30CM;MODO;4,64;;6
0215546;DC CASA DOSAZUCCHERO VETRO 7.2X7.2X14.5CM;MODO;0,77;;6
0217225;DC CASA TAGLIERE ARDESIA C/MAN. 19X14CM;MODO;1,06;;6
0217226;DC CASA TAGLIERE ARDESIA QUADRATO 15X15X0.5CM;MODO;0,55;;6
0217227;DC CASA TAGLIERE ARDESIA RETTANG. 22X14X0.5CM;MODO;0,43;;6
0217228;DC CASA TAGLIERE ARDESIA RETTANG. 30X15X0.5CM;MODO;1,23;;6
0217229;DC CASA TAGLIERE ARDESIA QUADRATO 20X20X0.5CM;MODO;0,93;;6
0217230;DC CASA TAGLIERE ARDESIA RETTANG. 30X20X0.5CM;MODO;1,23;;6
0217231;DC CASA TAGLIERE ARDESIA TONDO D20X0.5CM;MODO;1,15;;6
0220179;DC CASA CONTENITORE VETRO C/COP.1150ML 17.6X18.5CM;MODO;1,49;;6
0221317;DC CASA TAGLIERE ARDESIA RETTANG. 30X11X0.5CM;MODO;0,72;;6
0221318;DC CASA TAGLIERE ARDESIA QUADRATO 30X30X0.5CM;MODO;1,86;;6
0221319;DC CASA TAGLIERE ARDESIA QUADRATO 25X25X0.5CM;MODO;1,40;;6
0221782;DC CASA BARATTOLO ERMETICO VETRO 250ML;MODO;0,90;;6
0221793;DC CASA BOTTIG.VETRO+TAPPO ERMETICO 1L 8X31.9CM;MODO;1,12;;6
0221805;DC CASA BARATTOLO VETRO C/COP. 1.2L 11.2X11.2X17;MODO;1,27;;6
0222375;DC CASA BARATTOLO VETRO C/COP. 100ML D5.7XH6.8CM;MODO;0,21;;6
0222377;DC CASA BARATTOLO VETRO C/COP. 350ML D7.4XH11CM;MODO;0,38;;6
0222378;DC CASA BARATTOLO VETRO C/COP. 550ML D8.5XH12.7CM;MODO;0,72;;6
0223526;DC CASA ETICHETTA ADES.MARMELLATA 75X35MM 6PZ 5FF;MODO;0,31;;6
0223527;DC CASA ETICHETTA ADES.MARMELLATA 55MM 6PZ 5FF;MODO;0,31;;6
0223528;DC CASA ETICHETTA ADES.MARMELLATA 75X35MM 6PZ 5FF;MODO;0,31;;6
0224947;DC CASA DOSA SALE/PEPE VETRO 80ML;MODO;0,50;;6
0224948;DC CASA DOSA SALE/PEPE VETRO 120ML;MODO;0,55;;6
0232107;BICCHIERE ACQUA GAI361 360CC 10X6.3CM 3PZ;MODO;1,58;;6
0232108;BICCHIERE ACQUA GAI365 475CC 11.1X7CM 3PZ;MODO;1,76;;6
0232110;CALICE VINO ROSSO FAM556 395CC 21X6.7CM 3PZ;MODO;2,32;;6
0232111;CALICE VINO BIANCO FAM563 480CC 22X7.2CM 3PZ;MODO;2,34;;6
0232112;CALICE CHAMPAGNE FAM539 215CC 23X4.9CM 3PZ;MODO;2,16;;6
0232113;CALICE VINO BIANCO MIS549 210CC 14.7X6.5CM 3PZ;MODO;1,79;;6
0232114;CALICE VINO ROSSO MIS552 260CC 16X6.8CM 3PZ;MODO;1,89;;6
0232115;CALICE VINO MIS560 365CC 17.7X7.5CM 3PZ;MODO;1,98;;6
0232116;CALICE CHAMPAGNE MIS535 190CC 19.3X5CM 3PZ;MODO;1,85;;6
0232117;CALICE COCKTAIL MIS586 175CC 14.8X10.7CM 3PZ;MODO;2,25;;6
0232118;BICCHIERE BIRRA MIS571 400CC 16X6.9CM 3PZ;MODO;2,07;;6
0232119;CALICE VINO BIANCO LAL558 295CC 19X6CM 3PZ;MODO;2,25;;6
0232120;CALICE VINO ROSSO LAL592 400CC 21.6X6.5CM 3PZ;MODO;2,46;;6
0232121;CALICE CHAMPAGNE LAL545 230CC 22.5X5CM 3PZ;MODO;2,16;;6
0232122;BICCHIERE ACQUA LAL361 345CC 8.7X7.1CM 3PZ;MODO;1,67;;6
0232123;BICCHIERE ACQUA ARA233 305CC 9.5X8.7CM 3PZ;MODO;1,49;;6
0232125;BICCHIERE LIQUORE ARA209 45CC 5.6X4.9CM 6PZ;MODO;1,76;;6
0232126;BICCHIERE LIQUORE LBR308 65CC 6X4.6CM 6PZ;MODO;1,66;;6
0232127;BICCHIERE ACQUA LBR316 280CC 8.8X7.4CM 3PZ;MODO;1,44;;6
0232130;BICCHIERE BIRRA BRO29 565CC 17.8X8.1CM 2PZ;MODO;1,61;;6
0232131;TAZZA MUG VEGA422 300CC 10.6X8CM 3PZ;MODO;2,84;6 PEZZI;6
0234158;DC CASA COPERCHIO VETRO TEMPERATO 18CM;MODO;1,25;;6
0234159;DC CASA COPERCHIO VETRO TEMPERATO 20CM;MODO;1,43;;6
0234160;DC CASA COPERCHIO VETRO TEMPERATO 22CM;MODO;1,52;;6
0234161;DC CASA COPERCHIO VETRO TEMPERATO 24CM;MODO;1,61;;6
0234162;DC CASA COPERCHIO VETRO TEMPERATO 26CM;MODO;1,79;;6
0234164;DC CASA COPERCHIO VETRO TEMPERATO 30CM;MODO;2,15;;6
0234165;DC CASA COPERCHIO VETRO TEMPERATO 32CM;MODO;2,33;;6
0234729;DC CASA CIOTOLA CERAMICA 7.5CM FORME ASS.;MODO;0,46;;6
0235300;DC CASA BARATTOLO VETRO 500ML 8.2X8.2X13.5CM;MODO;0,67;;6
0235301;DC CASA BARATTOLO VETRO 260ML 8.1X8.1X8.8CM;MODO;0,55;;6
0235308;DC CASA BARATTOLO VETRO 1700ML 11.2X11.2X22.1CM;MODO;1,66;;6
0235309;DC CASA BARATTOLO VETRO 1200ML 11.2X11.2X17CM;MODO;1,27;;6
0235466;BICCHIERE ACQUA BDG386 345CC 8.8X8.4CM 3PZ;MODO;1,31;;6
0235467;BICCHIERE ACQUA KEO366 345CC 10X8.3CM 3PZ;MODO;1,53;;6
0235468;BICCHIERE ACQUA SUD15 315CC 9.2X7.3CM 3PZ;MODO;1,17;;6
0235470;BICCHIERE ACQUA EMP364 405CC 9.4X7.1CM 3PZ;MODO;1,80;;6
0235472;BICCHIERE ACQUA ADR15 290CC 8.8X7.2CM 3PZ;MODO;1,43;;6
0235476;BICCHIERE LIQUORE ADR03 80CC 6.1X4.9CM 3PZ;MODO;0,90;;6
0235477;BICCHIERE LIQUORE SNG210 62CC 7.3X4.9CM 6PZ;MODO;3,23;;6
0236162;DC CASA BARATTOLO VETRO C/MAN.1000ML 12X14.5CM;MODO;1,98;;6
0236163;DC CASA BARATTOLO VETRO C/MAN.2.000ML 14X20.5CM;MODO;2,13;;6
0236166;DC CASA BARATTOLO VETRO C/ERMET.2000ML 13X25CM;MODO;2,42;;6
0236167;DC CASA BARATTOLO VETRO C/ERMET.1500ML 12X21CM;MODO;1,78;;6
0236168;DC CASA BARATTOLO VETRO C/ERMET.1000ML 11X17.5CM;MODO;1,35;;6
0236169;DC CASA BARATTOLO VETRO C/ERMET. 750ML 11X14.5CM;MODO;1,10;;6
0236170;DC CASA BARATTOLO VETRO C/ERMET. 500ML 11X11CM;MODO;0,93;;6
0236171;DC CASA BARATTOLO VETRO C/ERMET.2000ML 11.5X26CM;MODO;2,20;;6
0236172;DC CASA BARATTOLO VETRO C/ERMET.1500ML 11.5X20CM;MODO;1,78;;6
0236173;DC CASA BARATTOLO VETRO C/ERMET.1000ML 11.5X15.5CM;MODO;1,49;;6
0236174;DC CASA BARATTOLO VETRO C/ERMET. 750ML 11.5X13CM;MODO;1,10;;6
0236175;DC CASA BARATTOLO VETRO C/ERMET. 500ML 11X11CM;MODO;1,01;;6
0236238;DC CASA BARATTOLO VETRO C/COP.112ML 5.4X7.5CM;MODO;0,32;;6
0236239;DC CASA BARATTOLO VETRO C/COP.207ML 6.4X8.6CM;MODO;0,35;;6
0236240;DC CASA BARATTOLO VETRO C/COP.275ML 7.2X9.5CM;MODO;0,41;;6
0236241;DC CASA BARATTOLO VETRO C/COP.375ML 7.8X10.3CM;MODO;0,50;;6
0236242;DC CASA BARATTOLO VETRO C/COP.645ML 9.2X12.7CM;MODO;0,80;;6
0236243;DC CASA BARATTOLO VETRO C/COP.ESAG. 84ML 5.5X7.3CM;MODO;0,23;;6
0236244;DC CASA BARATTOLO VETRO C/COP.ESAG.168ML 6.8X8.8CM;MODO;0,32;;6
0236245;DC CASA BARATTOLO VETRO C/COP.ESAG.250ML 7.7X9.7CM;MODO;0,41;;6
0236246;DC CASA BARATTOLO VETRO C/COP.ESAG.370ML 9X10.2CM;MODO;0,50;;6
0236252;DC CASA CARAFFA VETRO  500ML 8X20CM;MODO;3,14;;6
0236253;DC CASA CARAFFA VETRO 1000ML 9.5X27CM;MODO;2,51;;6
0236265;DC CASA BARATTOLO VETRO C/COP. 750ML 8.5X20CM;MODO;0,98;;6
0238477;DC CASA CONTENIT.VETRO C/COP. EASY 320ML 11.2X5CM;MODO;2,07;;6
0238488;DC CASA CONT.VETRO C/COP.EASY 370ML 14.5X10.5X4.8;MODO;1,57;;6
0238489;DC CASA CONT.VETRO C/COP.EASY  640ML 17X12.6X5.2;MODO;1,97;;6
0238490;DC CASA CONT.VETRO C/COP.EASY 1050ML 20X15X6CM;MODO;2,61;;6
0239031;DC CASA BOTTIGLIA VETRO C/TAPPO 1L 8.2X23.5CM;MODO;1,31;;6
0239032;DC CASA BOTTIGLIA VETRO C/TAPPO 1L 8.2X23.5CM;MODO;1,31;;6
0239033;DC CASA BOTTIGLIA VETRO C/TAPPO 1L 8.2X23.5CM;MODO;1,31;;6
0239034;DC CASA BOTTIGLIA VETRO C/TAPPO 1L 8.2X27.8CM;MODO;1,31;;6
0239036;DC CASA BOTTIGLIA VETRO C/TAPPO 750ML 7.4X29.2CM;MODO;1,06;;6
0239072;DC CASA BOTTIGLIA VETRO C/TAPPO 1L 8.6X32CM;MODO;1,14;;6
0239073;DC CASA BOTTIGLIA VETRO C/TAPPO 1L 8X32CM;MODO;1,44;;6
0240595;L/DIWALI PIATTO PIANO 25CM BIANCO;MODO;1,22;;6
0240596;L/DIWALI PIATTO FONDO 20CM BIANCO;MODO;1,22;;6
0240597;L/DIWALI PIATTO FRUTTA 19CM BIANCO;MODO;1,13;;6
0240598;L/DIWALI CIOTOLA 75CL BIANCO;MODO;1,76;;6
0240599;L/DIWALI COPPETTA 12CM BIANCO;MODO;1,13;;6
0240600;L/DIWALI PIATTO OVALE 33CM BIANCO;MODO;3,78;;6
0240601;L/DIWALI INSALATIERA 21CM BIANCO;MODO;3,41;;6
0240602;L/DIWALI PIATTO PIANO 25CM GRANITO;MODO;1,34;;6
0240603;L/DIWALI PIATTO FONDO 20CM GRANITO;MODO;1,32;;6
0240604;L/DIWALI PIATTO FRUTTA 19CM GRANITO;MODO;1,22;;6
0240605;L/DIWALI PIATTO A SERVIRE 34CM GRANITO;MODO;3,69;;6
0240606;L/DIWALI CIOTOLA 75CL GRANITO;MODO;1,76;;6
0240607;L/DIWALI CIOTOLA 12CM GRANITO;MODO;1,24;;6
0240608;L/DIWALI PIATTO PIZZA 32CM GRANITO;MODO;2,60;;6
0240609;L/DIWALI INSALATIERA 21CM GRANITO;MODO;3,42;;6
0240610;L/DIWALI PIATTO PIANO 25CM NERO;MODO;1,32;;6
0240611;L/DIWALI PIATTO FONDO 20CM NERO;MODO;1,35;;6
0240612;L/DIWALI PIATTO FRUTTA 19CM NERO;MODO;1,22;;6
0240613;L/DIWALI CIOTOLA 75CL NERO;MODO;1,76;;6
0240614;L/DIWALI COPPETTA 12CM NERO;MODO;1,22;;6
0240615;L/DIWALI PIATTO OVALE 25X33CM NERO;MODO;4,04;;6
0240616;L/DIWALI PIATTO A SERVIRE 34CM NERO;MODO;3,69;;6
0240617;L/DIWALI INSALATIERA 21CM NERO;MODO;3,41;;6
0240618;L/FESTON PIATTO PIANO 27CM BIANCO;MODO;0,99;;6
0240619;L/FESTON PIATTO PIANO 25CM BIANCO;MODO;0,86;;6
0240620;L/FESTON PIATTO FONDO 23CM BIANCO;MODO;0,77;;6
0240621;L/FESTON PIATTO FRUTTA 18.5CM BIANCO;MODO;0,68;;6
0240622;L/FESTON COPPETTA 12CM BIANCO;MODO;0,68;;6
0240623;L/FESTON PIATTO OVALE 33CM BIANCO;MODO;3,63;;6
0240624;L/FESTON INSALATIERA 25CM BIANCO;MODO;2,97;;6
0240625;L/ZELIE PIATTO PIANO 25CM BIANCO;MODO;0,86;;6
0240626;L/ZELIE PIATTO FONDO 20CM BIANCO;MODO;0,86;;6
0240627;L/ZELIE PIATTO FRUTTA 18CM BIANCO;MODO;0,80;;6
0240628;L/ZELIE COPPETTA 12CM BIANCO;MODO;0,72;;6
0240629;L/ZELIE COPPETTA 16CM BIANCO;MODO;0,90;;6
0240630;L/ZELIE INSALATIERA 24CM BIANCO;MODO;2,48;;6
0240631;L/ZELIE PIATTO PIANO 25CM NERO;MODO;0,95;;6
0240632;L/ZELIE PIATTO FONDO 20CM NERO;MODO;0,83;;6
0240633;L/ZELIE PIATTO FRUTTA 18CM NERO;MODO;0,80;;6
0240634;L/ZELIE COPPETTA 16CM NERO;MODO;0,99;;6
0240635;L/ZELIE INSALATIERA 24CM NERO;MODO;2,70;;6
0240636;L/EMPILABLE COPPETTA VETRO 7CM 6PZ;MODO;3,08;;6
0240637;L/EMPILABLE COPPETTA VETRO 10CM;MODO;0,57;;6
0240638;L/EMPILABLE COPPETTA VETRO 12CM;MODO;0,74;;6
0240639;L/EMPILABLE COPPETTA VETRO 14CM;MODO;1,08;;6
0240640;L/EMPILABLE INSALATIERA VETRO 20CM;MODO;2,27;;6
0240641;L/EMPILABLE INSALATIERA VETRO 26CM;MODO;4,35;;6
0240642;L/FRIENDSTIME PIATTO MIX 29CM BIANCO;MODO;2,92;;6
0240643;L/FRIENDSTIME PIATTO COUS COUS 25CM BIANCO;MODO;2,33;;6
0240644;L/FRIENDSTIME PIATTO TAJINE 21CM BIANCO;MODO;1,92;;6
0240645;L/FRIENDSTIME PIATTO ZUPPA 17CM BIANCO;MODO;1,49;;6
0240646;L/FRIENDSTIME PIATTO MIX 29CM NERO;MODO;3,07;;6
0240647;L/FRIENDSTIME PIATTO COUS COUS 25CM NERO;MODO;2,44;;6
0240648;L/FRIENDSTIME PIATTO TAJINE 21CM NERO;MODO;2,03;;6
0240649;L/FRIENDSTIME PIATTO SOUP 17CM NERO;MODO;1,67;;6
0240650;L/FRIENDSTIME PIATTO PASTA 28CM BIANCO;MODO;2,75;;6
0240651;L/FRIENDSTIME PIATTO STEAK 30X26CM BIANCO;MODO;2,75;;6
0240652;L/FRIENDSTIME PIATTO PIZZA 32CM BIANCO;MODO;2,79;;6
0240653;L/FRIENDSTIME PIATTO MULTIUSO 26CM BIANCO;MODO;2,53;;6
0240654;L/FRIENDSTIME PIATTO PASTA 28CM NERO;MODO;2,75;;6
0240655;L/FRIENDSTIME PIATTO STEAK 30X26CM NERO;MODO;2,87;;6
0240656;L/FRIENDSTIME PIATTO PIZZA 32CM NERO;MODO;3,06;;6
0240657;L/FRIENDSTIME PIATTO MULTIUSO 26CM NERO;MODO;2,72;;6
0005160;DIMORAE MANICO TELESCOPICO 1.5M;SUNLUX;1,15;;11
0009409;DC CASA COLTELLO TAVOLA P/TONDA 11CM 6PZ NERO;SUNLUX;1,75;;11
0009410;DC CASA COLTELLO TAVOLA P/BISTECCA 11CM 6PZ NERO;SUNLUX;1,75;;11
0013993;DC CASA SERV.INGLESE 18/C CUCCHIAINO MOKA 11CM 3PZ;SUNLUX;0,90;;11
0015051;DIMORAE PALETTA C/GOMMA 22CM ASS.;SUNLUX;0,63;;11
0015052;DIMORAE PALETTA C/GOMMA+SPAZZOLA 23X30CM ASS.;SUNLUX;1,10;;11
0021201;DIMORAE MANICO METALLO 130CM ROSSO;SUNLUX;0,70;;11
0028689;DC CASA SIRINGA DECORA DOLCI 20X4.5CM+4BECC+SPATOL;SUNLUX;1,95;;11
0035373;DIMORAE SPOLVERINO C/COPERCHIO PIEGHEVOLE 70G 60CM;SUNLUX;1,64;;11
0120009;DC CASA SERV.INGLESE 18/C CUCCH.BIBITA 20.7CM 3PZ;SUNLUX;1,11;;11
0121099;DIMORAE SACCO PROTEGGI BUCATO 50X60CM;SUNLUX;0,63;;11
0121100;DIMORAE SACCO PROTEGGI BUCATO 30X40CM;SUNLUX;0,49;;11
0121302;DC CASA MOLLETTA CHIUDIPACCO PLAST. 5CM 4PZ ASS.;SUNLUX;0,43;;11
0123260;DC CASA STAMPO DOLCI STELLA 5.5-7.5CM 2PZ;SUNLUX;0,62;;11
0123261;DC CASA STAMPO DOLCI FIORI 3.8-6,5CM 2PZ;SUNLUX;0,62;;11
0123709;DC CASA RULLO FORAPASTA PLAST. 20CM;SUNLUX;1,43;;11
0125054;DC CASA POMELLO COPERCHIO A VITE ACCIAIO D5.5CM;SUNLUX;0,62;;11
0125240;DIMORAE SPAZZOLA BUCATO 10.3X5.7CM;SUNLUX;0,60;;11
0125617;DIMORAE SPAZZOLA BUCATO 14X6.2CM;SUNLUX;0,62;;11
0127541;DC CASA STAMPO CANNOLO ACCIAIO 2,5X12CM 3PZ;SUNLUX;0,90;;11
0127645;DIMORAE SACCO PROTEGGI BUCATO S/RESISTENTE 50X60CM;SUNLUX;0,63;;11
0127979;DC CASA CENTRINO CARTA RETT. 31X44CM 25PZ BIANCO;SUNLUX;0,65;20 PEZZI;11
0127980;DC CASA CENTRINO CARTA RETT. 25X37CM 25PZ BIANCO;SUNLUX;0,70;20 PEZZI;11
0128184;DC CASA PENNELLO ALIMENTI SILICONE 20CM;SUNLUX;0,74;;11
0128185;DC CASA SPATOLA SILICONE 17CM;SUNLUX;1,02;;11
0128186;DC CASA SPATOLA SILICONE 23CM;SUNLUX;0,94;;11
0128438;DC CASA TAGLIATORTA A FILO 34X17CM;SUNLUX;1,02;;11
0128508;DC CASA MANICO+POMOLO CAFFETTIERA 1TZ;SUNLUX;0,47;;11
0128509;DC CASA MANICO+POMOLO CAFFETTIERA 3TZ;SUNLUX;0,39;;11
0128609;DIMORAE TERGIVETRO GOMMA 25CM;SUNLUX;1,12;;11
0128610;DIMORAE TERGIVETRO GOMMA 30CM;SUNLUX;0,86;;11
0128782;DC CASA CENTRINO CARTA TONDO 21.5CM 25PZ BIANCO;SUNLUX;0,62;32 PEZZI;11
0128783;DC CASA CENTRINO CARTA TONDO 26.5CM 25PZ BIANCO;SUNLUX;0,62;20 PEZZI;11
0128784;DC CASA CENTRINO CARTA TONDO 30CM 25PZ BIANCO;SUNLUX;0,62;12 PEZZI;11
0128808;DC CASA CENTRINO CARTA TONDO 14CM 50PZ BIANCO;SUNLUX;0,57;80 PEZZI;11
0129133;DC CASA VASSOIO RETTANG. BIANCO 17X24CM 4PZ;SUNLUX;0,56;;11
0129135;DC CASA VASSOIO RETTANG. BIANCO 22.3X31.3CM 2PZ;SUNLUX;0,56;;11
0129136;DC CASA VASSOIO RETTANG. BIANCO 30.2X41CM 1PZ;SUNLUX;0,45;;11
0129168;DC CASA VASSOIO RETTANG. ORO 17X24CM 4PZ;SUNLUX;0,56;;11
0129169;DC CASA VASSOIO RETTANG. ORO 22.3X31.3CM 2PZ;SUNLUX;0,56;;11
0129173;DC CASA VASSOIO RETTANG. ORO 30.2X41CM;SUNLUX;0,45;;11
0129175;DC CASA VASSOIO TRINATO TONDO BIANCO 28CM;SUNLUX;0,68;;11
0129176;DC CASA VASSOIO TRINATO TONDO BIANCO 30CM;SUNLUX;0,73;;11
0129178;DC CASA VASSOIO TRINATO TONDO BIANCO 34CM;SUNLUX;1,05;;11
0129182;DC CASA VASSOIO PLASTICA STELLA TONDO 28CM;SUNLUX;0,68;;11
0129183;DC CASA VASSOIO PLASTICA STELLA TONDO 30CM;SUNLUX;0,73;;11
0129192;DC CASA SCATOLA TORTA 29X29CM;SUNLUX;0,82;;11
0129359;DC CASA SOTTOTORTA ROTONDO ORO 28CM;SUNLUX;0,45;;11
0129361;DC CASA SOTTOTORTA ROTONDO ORO 32CM;SUNLUX;0,57;;11
0129364;DC CASA SOTTOTORTA ROTONDO ORO 34CM;SUNLUX;0,65;;11
0129719;DC CASA VASSOIO DORATO TONDO 25CM;SUNLUX;0,37;;11
0129720;DC CASA VASSOIO DORATO TONDO 30CM;SUNLUX;0,49;;11
0129721;DC CASA VASSOIO DORATO TONDO 35CM;SUNLUX;0,65;;11
0131578;DC CASA SOTTOTORTA ROTONDO ORO 38CM;SUNLUX;0,74;;11
0131982;DIMORAE P/SCOPA DA MURO 2POSTI 22.5X4.5X3CM ASS.;SUNLUX;3,20;;11
0133172;DC CASA STAMPO DOLCI PLAST. CUORE 6MISURE 3PZ;SUNLUX;1,11;;11
0133173;DC CASA STAMPO DOLCI PLAST. FIORE 6MISURE 3PZ;SUNLUX;1,11;;11
0133187;DC CASA SAC A POCHE PLAST. MONOUSO 18.5X29CM 12PZ;SUNLUX;1,19;50 PEZZI;11
0135699;DC CASA GRAN FUOCO PADELLA 18CM;SUNLUX;2,63;;11
0135699;DC CASA GRAN FUOCO PADELLA 18CM;SUNLUX;2,63;;11
0135700;DC CASA GRAN FUOCO PADELLA 20CM;SUNLUX;2,93;;11
0135701;DC CASA GRAN FUOCO PADELLA 22CM;SUNLUX;3,28;;11
0135702;DC CASA GRAN FUOCO PADELLA 24CM;SUNLUX;3,75;;11
0135703;DC CASA GRAN FUOCO PADELLA 26CM;SUNLUX;4,00;;11
0135704;DC CASA GRAN FUOCO PADELLA 28CM;SUNLUX;4,56;;11
0135705;DC CASA GRAN FUOCO PADELLA 30CM;SUNLUX;4,85;;11
0135706;DC CASA GRAN FUOCO PADELLA ALTA 20CM;SUNLUX;5,35;;11
0135707;DC CASA GRAN FUOCO PADELLA ALTA 24CM;SUNLUX;3,75;;11
0135708;DC CASA GRAN FUOCO PADELLA ALTA 28CM;SUNLUX;4,85;;11
0135709;DC CASA GRAN FUOCO PADELLA ALTA 32CM;SUNLUX;5,75;;11
0135710;DC CASA GRAN FUOCO PENTOLA 2MAN. 16CM;SUNLUX;4,14;;11
0135711;DC CASA GRAN FUOCO PENTOLA 2MAN. 18CM;SUNLUX;4,63;;11
0135712;DC CASA GRAN FUOCO PENTOLA 2MAN. 20CM;SUNLUX;5,32;;11
0135713;DC CASA GRAN FUOCO ROSTIERA 25CM;SUNLUX;3,73;;11
0135714;DC CASA GRAN FUOCO ROSTIERA 30CM;SUNLUX;4,46;;11
0135715;DC CASA GRAN FUOCO ROSTIERA 35CM;SUNLUX;5,41;;11
0135716;DC CASA GRAN FUOCO TORTIERA 28CM;SUNLUX;4,58;;11
0135719;DC CASA GRAN FUOCO CASSERUOLA 2MAN. 18CM;SUNLUX;4,16;;11
0135720;DC CASA GRAN FUOCO CASSERUOLA 2MAN. 20CM;SUNLUX;4,66;;11
0135721;DC CASA GRAN FUOCO CASSERUOLA 2MAN. 22CM;SUNLUX;5,02;;11
0136727;DC CASA ROTELLA TAGLIAPASTA 19CM;SUNLUX;1,03;;11
0136728;DC CASA ROTELLA TAGLIAPASTA 16.5CM;SUNLUX;1,03;;11
0136731;DC CASA CREPES SPATOLA + RULLO 2PZ;SUNLUX;1,39;;11
0136733;DC CASA SPATOLA DRITTA 21.5CM;SUNLUX;0,86;;11
0136734;DC CASA PALETTA DOLCI TRIANGOLARE 22CM;SUNLUX;0,98;;11
0136735;DC CASA RULLO STENDIPASTA 17CM;SUNLUX;1,31;;11
0136744;DC CASA STAMPO CIAMBELLA C/PINZA 9-11CM;SUNLUX;1,35;;11
0136877;DC CASA L/BONTA CASA STAMPO PLUMCAKE 25X13X6CM;SUNLUX;1,39;;11
0136878;DC CASA L/BONTA CASA STAMPO PLUMCAKE 30X13X6CM;SUNLUX;2,01;;11
0136883;DC CASA L/BONTA CASA TEGLIA PIZZA 32X1CM;SUNLUX;2,13;;11
0136884;DC CASA L/BONTA CASA TEGLIA CUORE 27.5X26.5X4.5CM;SUNLUX;1,63;;11
0136885;DC CASA L/BONTA CASA TEGLIA CUORE 27.5X26.5X4.5CM;SUNLUX;1,63;;11
0136892;DC CASA L/BONTA CASA TEGLIA FORNO TONDA 24,3X4CM;SUNLUX;1,43;;11
0136894;DC CASA L/BONTA CASA STAMPO CROSTATA 29X3.7CM;SUNLUX;1,52;;11
0136895;DC CASA L/BONTA CASA STAMPO CIAMBELLONE 23X9CM;SUNLUX;2,30;;11
0136897;DC CASA L/BONTA CASA STAMPO TORTA 23X9CM;SUNLUX;1,39;;11
0136900;DC CASA L/BONTA CASA STAMPO DOLCI 6P 26.5X18X2.5CM;SUNLUX;1,60;;11
0136901;DC CASA L/BONTA CASA STAMPO DOLCI 6P 26.5X18X2.5CM;SUNLUX;1,60;;11
0137042;DC CASA VERA PETRA PADELLA A/ADERENTE F/INDUZ.18CM;SUNLUX;5,48;;11
0137043;DC CASA VERA PETRA PADELLA A/ADERENTE F/INDUZ.20CM;SUNLUX;6,14;;11
0137047;DC CASA VERA PETRA PADELLA A/ADERENTE F/INDUZ.28CM;SUNLUX;9,57;;11
0137048;DC CASA VERA PETRA PADELLA A/ADERENTE F/INDUZ.30CM;SUNLUX;10,65;;11
0137146;DC CASA COLTELLO TAVOLA P/TONDA 6PZ BIANCO;SUNLUX;1,75;;11
0137147;DC CASA COLTELLO TAVOLA P/TONDA 6PZ ROSSO;SUNLUX;1,75;;11
0137150;DC CASA COLTELLO TAVOLA P/TONDA 6PZ NERO;SUNLUX;1,75;;11
0137159;DC CASA COLTELLO TAVOLA P/BISTECCA 6PZ NERO;SUNLUX;1,75;;11
0137179;DC CASA FORCHETTA TAVOLA INOX 6PZ NERO;SUNLUX;2,99;;11
0137447;DC CASA POMELLO COPERCHIO A VITE D6CM 2PZ;SUNLUX;0,62;;11
0137676;DC CASA SOTTOTORTA RETTANG. ORO 30X40CM;SUNLUX;0,62;;11
0137681;DC CASA VASSOIO RETTANG. BIANCO 18.8X26.8CM 3PZ;SUNLUX;0,56;;11
0137684;DC CASA VASSOIO RETTANG. ORO 18.8X26.8CM 3PZ;SUNLUX;0,56;;11
0137686;DC CASA SCATOLA TORTA RETTANG. 26X37CM;SUNLUX;0,94;;11
0137687;DC CASA SCATOLA TORTA RETTANG. 31X42CM;SUNLUX;1,11;;11
0139611;DC CASA COPERCHIO ACCIAIO INOX UNIVERSALE 16CM;SUNLUX;1,59;;11
0139612;DC CASA COPERCHIO ACCIAIO INOX UNIVERSALE 18CM;SUNLUX;1,74;;11
0139613;DC CASA COPERCHIO ACCIAIO INOX UNIVERSALE 20CM;SUNLUX;1,89;;11
0139614;DC CASA COPERCHIO ACCIAIO INOX UNIVERSALE 22CM;SUNLUX;2,08;;11
0139615;DC CASA COPERCHIO ACCIAIO INOX UNIVERSALE 24CM;SUNLUX;2,34;;11
0139616;DC CASA COPERCHIO ACCIAIO INOX UNIVERSALE 26CM;SUNLUX;2,58;;11
0139617;DC CASA COPERCHIO ACCIAIO INOX UNIVERSALE 28CM;SUNLUX;2,94;;11
0139618;DC CASA COPERCHIO ACCIAIO INOX UNIVERSALE 30CM;SUNLUX;3,31;;11
0139619;DC CASA COPERCHIO ACCIAIO INOX UNIVERSALE 32CM;SUNLUX;3,56;;11
0139620;DC CASA COPERCHIO ACCIAIO INOX UNIVERSALE 34CM;SUNLUX;4,33;;11
0139621;DC CASA COPERCHIO ACCIAIO INOX UNIVERSALE 36CM;SUNLUX;4,83;;11
0140067;DC CASA SOTTOTORTA RETTANG. ORO 25X35CM;SUNLUX;0,47;;11
0140068;DC CASA VASSOIO RETTANG. BIANCO 24.8X33CM 2PZ;SUNLUX;0,37;1 PEZZO;11
0140153;DC CASA NONNA MIA TORTIERA ALTA ALLUM. 24CM;SUNLUX;1,89;;11
0140154;DC CASA NONNA MIA TORTIERA ALTA ALLUM. 28CM;SUNLUX;2,30;;11
0140155;DC CASA NONNA MIA FORMA S/BUCO ALLUM. 24CM;SUNLUX;1,61;;11
0140156;DC CASA NONNA MIA FORMA S/BUCO ALLUM. 28CM;SUNLUX;1,87;;11
0140157;DC CASA NONNA MIA FORMA S/BUCO ALLUM. 32CM;SUNLUX;2,53;;11
0140158;DC CASA NONNA MIA FORMA C/BUCO ALLUM. 24CM;SUNLUX;2,12;;11
0140159;DC CASA NONNA MIA FORMA C/BUCO ALLUM. 28CM;SUNLUX;3,15;;11
0140160;DC CASA NONNA MIA FORMA C/BUCO ALLUM. 32CM;SUNLUX;3,67;;11
0140161;DC CASA NONNA MIA TORTIERA CROSTATA ALLUM. 24CM;SUNLUX;1,55;;11
0140162;DC CASA NONNA MIA TORTIERA CROSTATA ALLUM. 28CM;SUNLUX;1,87;;11
0140163;DC CASA NONNA MIA TORTIERA CROSTATA ALLUM. 32CM;SUNLUX;2,26;;11
0140165;DC CASA NONNA MIA FORMA PASQUA ALLUM. 22CM;SUNLUX;1,60;;11
0141175;DC CASA VASSOIO RETTANG. ORO 24.8X33CM 2PZ;SUNLUX;0,37;1 PEZZO;11
0141856;DIMORAE ALZAIMMONDIZIA PIEGHEVOLE ROSSA;SUNLUX;1,39;;11
0142014;DC CASA GRAN FUOCO PADELLA ALTA 22CM;SUNLUX;3,78;;11
0142014;DC CASA GRAN FUOCO PADELLA ALTA 22CM;SUNLUX;3,78;;11
0142015;DC CASA GRAN FUOCO PADELLA ALTA 26CM;SUNLUX;4,62;;11
0142016;DC CASA GRAN FUOCO PADELLA ALTA 30CM;SUNLUX;5,35;;11
0142018;DC CASA GRAN FUOCO ROSTIERA 40CM;SUNLUX;6,08;;11
0142019;DC CASA GRAN FUOCO TORTIERA 24CM;SUNLUX;3,67;;11
0148664;DC CASA PIROTTINO CARTA  6.3CM 100PZ T/UNITA ASS.;SUNLUX;0,24;50 PEZZI;11
0148665;DC CASA PIROTTINO CARTA  7.5CM 100PZ T/UNITA ASS.;SUNLUX;0,29;50 PEZZI;11
0148666;DC CASA PIROTTINO CARTA  9CM 100PZ T/UNITA ASS.;SUNLUX;0,29;50 PEZZI;11
0148667;DC CASA PIROTTINO CARTA 10.5CM 100PZ T/UNITA ASS.;SUNLUX;0,37;50 PEZZI;11
0148668;DC CASA PIROTTINO CARTA 12CM 100PZ T/UNITA ASS.;SUNLUX;0,45;50 PEZZI;11
0148669;DC CASA PIROTTINO CARTA 10.5CM 50PZ PASTEL ASS.;SUNLUX;0,41;;11
0148670;DC CASA PIROTTINO CARTA  9CM 60PZ PASTEL ASS.;SUNLUX;0,32;;11
0148671;DC CASA PIROTTINO CARTA  7.5CM 100PZ PASTEL ASS.;SUNLUX;0,29;;11
0150903;DC CASA VASSOIO RETTANG. ORO 12.8X18CM 6PZ;SUNLUX;0,56;;11
0150904;DC CASA VASSOIO RETTANG. ORO 15.3X22CM 5PZ;SUNLUX;0,56;;11
0150905;DC CASA VASSOIO RETTANG. BIANCO 12.8X18CM 6PZ;SUNLUX;0,56;;11
0150906;DC CASA VASSOIO RETTANG. BIANCO 15.3X22CM 5PZ;SUNLUX;0,56;;11
0201858;DIMORAE SPUGNA PIATTI SALVAMANI 3PZ;SUNLUX;0,45;;11
0202359;DIMORAE SACCO PROTEGGI BUCATO 20CM;SUNLUX;0,90;;11
0202360;DIMORAE SACCO PROTEGGI BUCATO 20X16CM;SUNLUX;1,10;;11
0202361;DIMORAE SACCO PROTEGGI BUCATO 18X22CM;SUNLUX;1,02;;11
0202363;DIMORAE SACCO PROTEGGI BUCATO 30X40CM;SUNLUX;1,02;;11
0204162;DC CASA PIROTTINO CARTA CUPCAKE 6.3CM 100PZ BIANCO;SUNLUX;0,24;50 PEZZI;11
0204163;DC CASA PIROTTINO CARTA CUPCAKE 7.5CM 100PZ BIANCO;SUNLUX;0,29;50 PEZZI;11
0204164;DC CASA PIROTTINO CARTA CUPCAKE 9CM 60PZ BIANCO;SUNLUX;0,32;50 PEZZI;11
0204165;DC CASA PIROTTINO CARTA CUPCAKE 10.5CM 50PZ BIANCO;SUNLUX;0,37;50 PEZZI;11
0204166;DC CASA PIROTTINO CARTA CUPCAKE 12CM 50PZ BIANCO;SUNLUX;0,41;50 PEZZI;11
0206299;DC CASA FLUTE PLAST. 6PZ ROSSO;SUNLUX;0,78;;11
0206300;DC CASA FLUTE PLAST. 6PZ TRASPARENTE;SUNLUX;0,78;;11
0206303;DC CASA FLUTE PLAST. 6PZ BIANCO;SUNLUX;0,78;;11
0206306;DC CASA FLUTE PLAST. 6PZ NERO;SUNLUX;0,78;;11
0207447;DC CASA PIROTTINO CARTA TWISTER 10.5CM 50PZ;SUNLUX;0,53;;11
0207528;DC CASA TAGLIERE IN PE SLIM C/MAN.25X14.5CM BIANCO;SUNLUX;0,89;;11
0207926;DC CASA CENTRINO CARTA TONDO 11.4CM 25PZ BIANCO;SUNLUX;0,49;100 PEZZI;11
0207948;DC CASA CENTRINO CARTA RETT. 20.3X30.5CM 25PZ BIAN;SUNLUX;0,49;20 PEZZI;11
0207951;DC CASA CENTRINO CARTA RETT. 31.5X44CM 12PZ BIANCO;SUNLUX;0,65;20 PEZZI;11
0208323;DC CASA SPATOLA SILICONE 23.5X5CM;SUNLUX;0,70;;11
0208325;DC CASA SPATOLA SILICONE 24.5X7CM;SUNLUX;0,82;;11
0209548;DC CASA BECCUCCI SAC A POCHE+ADATTATORE 14PZ;SUNLUX;0,90;;11
0211872;DC CASA PANNO C/POLVERE 30X50CM 24PZ;SUNLUX;0,74;;11
0212878;DC CASA SCATOLA TORTA 31X31CM;SUNLUX;0,70;;11
0212879;DC CASA SOTTOTORTA ROTONDO ORO 30CM;SUNLUX;0,49;;11
0212910;DIMORAE PULISCI TERMOSIFONE FLESSIBILE 100CM;SUNLUX;1,14;;11
0213818;DC CASA BECCUCCI SAC A POCHE 4PZ;SUNLUX;1,35;6 PEZZI;11
0213819;DC CASA BECCUCCI SAC A POCHE 4PZ;SUNLUX;1,35;6 PEZZI;11
0213820;DC CASA BECCUCCI SAC A POCHE 4PZ;SUNLUX;1,35;6 PEZZI;11
0213859;DC CASA UTENSILI DECORAZIONE TORTA 14.5CM 8PZ;SUNLUX;1,02;6 PEZZI;11
0214418;DC CASA PIATTO RICCIO ORO 13CM 5PZ;SUNLUX;0,79;6 PEZZI;11
0214420;DC CASA PIATTO RICCIO ORO 30CM 2PZ;SUNLUX;1,07;;11
0214420;DC CASA PIATTO RICCIO ORO 30CM 2PZ;SUNLUX;1,70;;11
0214494;DC CASA BASE TONDA POLISTIROLO H5CM D10CM;SUNLUX;0,22;;11
0214496;DC CASA BASE TONDA POLISTIROLO H5CM D20CM;SUNLUX;0,64;;11
0214497;DC CASA BASE TONDA POLISTIROLO H5CM D25CM;SUNLUX;0,91;;11
0214498;DC CASA BASE TONDA POLISTIROLO H5CM D30CM;SUNLUX;1,27;;11
0214806;DC CASA SOTTOTORTA RETTANG. ORO 15X30CM 2PZ;SUNLUX;0,31;;11
0215555;DC CASA DOSAPEPE VETRO 50ML 4.3X4.3X10CM;SUNLUX;0,32;;11
0215556;DC CASA DOSASALE VETRO 50ML 4.3X4.3X10CM;SUNLUX;0,32;;11
0217224;DC CASA TAGLIERE ARDESIA C/MAN. 22X9CM;SUNLUX;1,11;;11
0217225;DC CASA TAGLIERE ARDESIA C/MAN. 19X14CM;SUNLUX;1,43;;11
0217226;DC CASA TAGLIERE ARDESIA QUADRATO 15X15X0.5CM;SUNLUX;0,86;;11
0217227;DC CASA TAGLIERE ARDESIA RETTANG. 22X14X0.5CM;SUNLUX;1,06;;11
0217228;DC CASA TAGLIERE ARDESIA RETTANG. 30X15X0.5CM;SUNLUX;1,35;;11
0217229;DC CASA TAGLIERE ARDESIA QUADRATO 20X20X0.5CM;SUNLUX;1,23;;11
0217230;DC CASA TAGLIERE ARDESIA RETTANG. 30X20X0.5CM;SUNLUX;1,72;;11
0217231;DC CASA TAGLIERE ARDESIA TONDO D20X0.5CM;SUNLUX;1,31;;11
0217235;DC CASA POMELLO COPERCHIO A VITE IN PP NERO;SUNLUX;0,55;;11
0217389;DC CASA PIROTTINO CARTA CUPCAKE  6.3CM 100PZ;SUNLUX;0,24;50 PEZZI;11
0217413;DC CASA PIROTTINO CARTA CUPCAKE  7.5CM 100PZ;SUNLUX;0,29;50 PEZZI;11
0217423;DC CASA PIROTTINO CARTA CUPCAKE  9CM 60PZ;SUNLUX;0,32;50 PEZZI;11
0217429;DC CASA PIROTTINO CARTA CUPCAKE 10.5CM 50PZ;SUNLUX;0,37;50 PEZZI;11
0217434;DC CASA PIROTTINO CARTA CUPCAKE 12CM 50PZ;SUNLUX;0,45;50 PEZZI;11
0219170;DC CASA TOVAGLIETTA PVC 30X45CM CELESTE;SUNLUX;0,57;;11
0219171;DC CASA TOVAGLIETTA PVC 30X45CM VERDE;SUNLUX;0,57;;11
0219172;DC CASA TOVAGLIETTA PVC 30X45CM ROSSO;SUNLUX;0,57;;11
0219173;DC CASA TOVAGLIETTA PVC 30X45CM BEIGE;SUNLUX;0,57;;11
0219174;DC CASA TOVAGLIETTA PVC 30X45CM ORO;SUNLUX;0,57;;11
0219175;DC CASA TOVAGLIETTA PVC 30X45CM GRIGIO TRASPARENTE;SUNLUX;0,57;;11
0219176;DC CASA TOVAGLIETTA PVC 30X45CM CHAMPAGNE;SUNLUX;0,57;;11
0219177;DC CASA TOVAGLIETTA PVC 30X45CM CAFFE;SUNLUX;0,57;;11
0219178;DC CASA TOVAGLIETTA PVC 30X45CM GRIGIO;SUNLUX;0,57;;11
0219179;DC CASA TOVAGLIETTA PVC 30X45CM NERO;SUNLUX;0,57;;11
0219181;DC CASA TOVAGLIETTA PVC 30X45CM BICOLORE BEIGE;SUNLUX;0,57;;11
0219182;DC CASA TOVAGLIETTA PVC 30X45CM BICOLORE GRIGIO;SUNLUX;0,57;;11
0219183;DC CASA TOVAGLIETTA PVC 30X45CM BICOLORE CHAMPAGNE;SUNLUX;0,57;;11
0219188;DC CASA TOVAGLIETTA PVC 30X45CM POSATE;SUNLUX;0,57;;11
0219189;DC CASA TOVAGLIETTA PVC 30X45CM POSATE;SUNLUX;0,57;;11
0219244;DC CASA TAPPETINO SILICONE DA FORNO 30X40CM;SUNLUX;3,20;;11
0220353;DC CASA L/BONTA CASA STAMPO DOLCI 6P 26.5X18.5X2.5;SUNLUX;1,60;;11
0220354;DC CASA L/BONTA CASA STAMPO DOLCI 6P 26.5X18X2.5CM;SUNLUX;1,60;;11
0220355;DC CASA STAMPO CROSTATINA 6POSTI 26.5X18X1.8CM;SUNLUX;1,60;;11
0220356;DC CASA STAMPO CIAMBELLINA 6POSTI 26.5X18.5X2.8CM;SUNLUX;1,60;;11
0220368;DC CASA COPPETTA QUADRO 200CC 12PZ TRASPARENTE;SUNLUX;1,35;;11
0220372;DC CASA BICCHIERE  60CC 12PZ TRASPARENTE;SUNLUX;1,11;;11
0220373;DC CASA VASSOIO RIGIDO PLASTICA 30X40CM BIANCO;SUNLUX;0,45;;11
0220567;DC CASA L/BLACK PINZA CUCINA NYLON 30.5CM;SUNLUX;1,23;;11
0220624;DIMORAE MANICO LEGNO C/CAPPUCCIO PLASTICA 130CM;SUNLUX;0,53;;11
0220705;DC CASA PENTOLA ACCIAIO 2.6L D.16CM;SUNLUX;9,38;;11
0220706;DC CASA PENTOLA ACCIAIO 3.4L D.18CM;SUNLUX;9,63;;11
0220707;DC CASA PENTOLA ACCIAIO 4.8L D.20CM;SUNLUX;12,31;;11
0220708;DC CASA PENTOLA ACCIAIO 6.4L D.22CM;SUNLUX;13,75;;11
0220709;DC CASA PENTOLA ACCIAIO 8.4L D.24CM;SUNLUX;15,63;;11
0220711;DC CASA CASSER.ALTA ACCIAIO 2MAN. 1.7L D.16CM;SUNLUX;6,75;;11
0220712;DC CASA CASSER.ALTA ACCIAIO 2MAN. 2.2L D.18CM;SUNLUX;7,63;;11
0220713;DC CASA CASSER.ALTA ACCIAIO 2MAN. 3.1L D.20CM;SUNLUX;9,78;;11
0220714;DC CASA CASSER.ALTA ACCIAIO 2MAN. 3.9L D.22CM;SUNLUX;10,63;;11
0220715;DC CASA CASSER.ALTA ACCIAIO 2MAN. 5L D.24CM;SUNLUX;12,75;;11
0220716;DC CASA CASSER.ALTA ACCIAIO 1MAN. 0.7L D.12CM;SUNLUX;4,81;;11
0220717;DC CASA CASSER.ALTA ACCIAIO 1MAN. 1.1L D.14CM;SUNLUX;5,38;;11
0220718;DC CASA CASSER.ALTA ACCIAIO 1MAN. 1.7L D.16CM;SUNLUX;6,25;;11
0220719;DC CASA CASSERUOLA ACCIAIO M/NERO D.10CM;SUNLUX;3,54;;11
0220720;DC CASA CASSERUOLA ACCIAIO M/NERO D.12CM;SUNLUX;3,80;;11
0220721;DC CASA CASSERUOLA ACCIAIO M/NERO D.14CM;SUNLUX;4,18;;11
0220722;DC CASA CASSERUOLA ACCIAIO M/NERO D.16CM;SUNLUX;4,81;;11
0221106;DC CASA CONTAGOCCE IN SILICONE 11CM/5ML;SUNLUX;0,57;;11
0221119;DC CASA MOP COTONE FILO CONTINUO 300G 37X15X8CM;SUNLUX;1,29;;11
0221317;DC CASA TAGLIERE ARDESIA RETTANG. 30X11X0.5CM;SUNLUX;1,15;;11
0221318;DC CASA TAGLIERE ARDESIA QUADRATO 30X30X0.5CM;SUNLUX;2,21;;11
0221319;DC CASA TAGLIERE ARDESIA QUADRATO 25X25X0.5CM;SUNLUX;1,60;;11
0221404;DC CASA TORTIERA APRIB. 22.3-24-26CM 3PZ;SUNLUX;5,49;;11
0221408;DC CASA TORTIERA APRIB. CUORE 10CM;SUNLUX;1,43;;11
0221409;DC CASA TEGLIA FORNO QUADRATA 24X24CM;SUNLUX;1,63;;11
0221410;DC CASA TEGLIA FORNO RETTANGOLARE 35.7X24.3CM;SUNLUX;1,96;;11
0221807;DC CASA DOSATORE SPEZIE VETRO 3.9X9.1CM 70ML;SUNLUX;0,32;;11
0221808;DC CASA DOSA SALE/PEPE VETRO 5X9.5CM 75ML;SUNLUX;0,32;;11
0221848;DIMORAE SPOLVERINO 63CM;SUNLUX;1,68;;11
0221937;DC CASA SAC A POCHE TESSUTO LAVABILE 17X31CM;SUNLUX;0,82;;11
0221938;DC CASA SAC A POCHE TESSUTO LAVABILE 35X20CM;SUNLUX;0,90;;11
0221939;DC CASA SAC A POCHE TESSUTO LAVABILE 37.5X23CM;SUNLUX;0,98;;11
0221941;DC CASA SAC A POCHE PLASTICA MONOUSO 30CM 20PZ;SUNLUX;1,19;25 PEZZI;11
0221942;DC CASA SAC A POCHE PLASTICA MONOUSO 35CM 20PZ;SUNLUX;1,23;30 PEZZI;11
0221943;DC CASA SAC A POCHE PLASTICA MONOUSO 40CM 20PZ;SUNLUX;1,06;25 PEZZI;11
0223393;DC CASA RULLO TAGLIAPASTA 20X14CM;SUNLUX;0,98;;11
0223412;DC CASA SAC A POCHE+6BECCUCCI+1ADATTATORE;SUNLUX;0,82;;11
0223413;DC CASA SAC A POCHE+6BECCUCCI+1ADATTATORE;SUNLUX;0,82;;11
0223691;DC CASA TOVAGLIETTA PVC 30X45CM;SUNLUX;0,57;;11
0223692;DC CASA TOVAGLIETTA PVC 30X45CM;SUNLUX;0,57;;11
0223694;DC CASA TOVAGLIETTA PVC 30X45CM;SUNLUX;0,57;;11
0223698;DC CASA TOVAGLIETTA IN PP D.38CM;SUNLUX;0,74;;11
0223699;DC CASA TOVAGLIETTA IN PP D.38CM;SUNLUX;0,74;;11
0223700;DC CASA TOVAGLIETTA IN PP D.38CM;SUNLUX;0,74;;11
0223701;DC CASA TOVAGLIETTA IN PP D.38CM;SUNLUX;0,74;;11
0223702;DC CASA TOVAGLIETTA IN PP D.38CM;SUNLUX;0,74;;11
0223703;DC CASA TOVAGLIETTA IN PP D.38CM;SUNLUX;0,74;;11
0224146;DC CASA TEGLIA PIZZA TONDA D32X1CM;SUNLUX;2,13;;11
0224854;DC CASA TOVAGLIA CARTA DAMASCATA 7X1.18M BIANCO;SUNLUX;1,68;;11
0225172;DC CASA PENNELLO SILICONE 22X4.7CM;SUNLUX;0,74;;11
0225173;DC CASA SPATOLA SILICONE 24.2X5CM;SUNLUX;0,70;;11
0225174;DC CASA SPATOLA SILICONE 25X6CM;SUNLUX;0,70;;11
0225176;DC CASA SPATOLA SILICONE 25.5X6CM;SUNLUX;0,82;;11
0225178;DC CASA SPATOLA SILICONE 27.3X6.3CM;SUNLUX;0,61;;11
0225665;DC CASA BECCUCCI SAC A POCHE 12PZ;SUNLUX;1,43;;11
0225666;DC CASA BECCUCCI SAC A POCHE 7PZ;SUNLUX;0,70;;11
0225667;DC CASA BECCUCCI SAC A POCHE 6PZ;SUNLUX;1,15;;11
0225819;DC CASA CALICE VINO PLAST. H12.5X7.5CM 6PZ TRASP;SUNLUX;0,80;;11
0225827;DC CASA PORTAMUFFIN 3PIANI H36CM ORO;SUNLUX;1,23;;11
0225828;DC CASA PORTAMUFFIN 3PIANI H36CM ARGENTO;SUNLUX;1,23;;11
0225893;DC CASA L/BONTA CASA TEGLIA CIAMBELLA 28X6CM;SUNLUX;2,95;;11
0225895;DC CASA L/BONTA CASA STAMPO PLUMCAKE 25.5X11.5X7CM;SUNLUX;1,43;;11
0225896;DC CASA L/BONTA CASA STAMPO PLUMCAKE 31X11.5X7CM;SUNLUX;1,63;;11
0225897;DC CASA L/BONTA CASA STAMPO PLUMCAKE 35X12X7CM;SUNLUX;2,01;;11
0226445;DC CASA PIROTTINO CUPCAKE METALLIZZATO 7.5CM 80PZ;SUNLUX;1,15;;11
0226448;DC CASA PIROTTINO MUFFIN TULIPANO D5XH7.5CM 18PZ;SUNLUX;0,62;;11
0226451;DC CASA PIROTTINO CARTA CUPCAKE 3.8X3CM 20PZ;SUNLUX;0,57;;11
0226452;DC CASA PIROTTINO CARTA CUPCAKE 4.4X3.5CM 20PZ;SUNLUX;0,65;;11
0226453;DC CASA PIROTTINO CARTA CUPCAKE 5X4CM 20PZ;SUNLUX;0,82;;11
0227244;DC CASA VASSOIO DORATO TONDO 20CM 2PZ;SUNLUX;0,31;;11
0227247;DC CASA VASSOIO DORATO TONDO 28CM;SUNLUX;0,45;;11
0227249;DC CASA VASSOIO DORATO TONDO 33CM;SUNLUX;0,57;;11
0227250;DC CASA VASSOIO DORATO TONDO 35.5CM;SUNLUX;0,65;;11
0227428;DC CASA PIROTTINO CARTA METAL. ORO  7.5CM 80PZ;SUNLUX;1,15;100 PEZZI;11
0227713;DC CASA FORMINA DOLCE ALLUM. 7.4CM 50ML 12PZ;SUNLUX;0,90;;11
0227714;DC CASA FORMINA DOLCE ALLUM. 5.5CM 50ML 12PZ;SUNLUX;0,70;;11
0227715;DC CASA FORMINA DOLCE ALLUM. 9.2CM 100ML 12PZCUORE;SUNLUX;0,70;;11
0227716;DC CASA FORMINA DOLCE ALLUM. 10.2CM 150ML 12PZ;SUNLUX;0,82;;11
0227717;DC CASA FORMINA DOLCE ALLUM. 8CM 130ML 12PZ;SUNLUX;0,49;;11
0227718;DC CASA FORMINA DOLCE ALLUM. 6.5CM 80ML 12PZ;SUNLUX;0,60;;11
0227719;DC CASA FORMINA DOLCE ALLUM. 9.2CM 150ML 12PZ;SUNLUX;0,82;;11
0227720;DC CASA FORMINA DOLCE ALLUM. 6CM 50ML 12PZ;SUNLUX;0,70;;11
0227882;DC CASA STAMPO DOLCI UNICORNO 6.5X10CM 3PZ;SUNLUX;0,90;;11
0227886;DC CASA STAMPO DOLCI ANIMALI 7.2-8CM 3PZ;SUNLUX;0,90;;11
0227981;DC CASA SIRINGA DOLCI 16X7CM + 6BECCUCCI;SUNLUX;1,88;;11
0228083;DC CASA GUANTO FORNO MAIOLICA 18X32CM;SUNLUX;0,62;;11
0228263;DC CASA STAMPO CIOCCOLATINI SILICONE 21X10.5CM;SUNLUX;1,06;;11
0228265;DC CASA STAMPO CIOCCOLATINI SILICONE 22.5X10.5CM;SUNLUX;1,06;;11
0228267;DC CASA STAMPO CIOCCOLATINI SILICONE 21.5X10.3CM;SUNLUX;1,06;;11
0228269;DC CASA STAMPO CIOCCOLATINI SILICONE 21X10.5CM;SUNLUX;1,06;;11
0228557;DC CASA CARTA FRIGGITRICE ARIA 16X4.5CM 50PZ;SUNLUX;1,31;;11
0228558;DC CASA CARTA FRIGGITRICE ARIA 16X4.5CM 50PZ;SUNLUX;1,19;;11
0229556;DC CASA FORCHETTONE BBQ M/LEGNO 38.6CM;SUNLUX;1,48;;11
0229559;DC CASA PINZA BBQ M/LEGNO 47CM;SUNLUX;2,05;;11
0229560;DC CASA COLTELLO BBQ M/LEGNO 38CM;SUNLUX;1,48;;11
0229563;DC CASA VENTAGLIO BBQ 21.5X32CM;SUNLUX;0,57;;11
0229566;DC CASA GRIGLIA BBQ M/LEGNO 25X53CM;SUNLUX;3,98;;11
0229567;DC CASA GRIGLIA BBQ M/LEGNO 33X60CM;SUNLUX;5,12;;11
0230161;DC CASA PALETTA 21.2CM+PENNELLO 21.5CM SILICONE;SUNLUX;1,05;;11
0230163;DC CASA SPATOLA 21.2CM+CUCCHIAIO 21.2CM SILICONE;SUNLUX;1,05;;11
0230325;DC CASA SEGNAPORZIONE TORTA 14/16 32.4X26.5X2.6CM;SUNLUX;3,36;;11
0230330;DC CASA SIRINGA DOLCI 7PZ 23.8X7.5X5CM;SUNLUX;1,95;;11
0230331;DC CASA DOSATORE CUCCHIAIO 5PZ 11.8X5.8X4CM;SUNLUX;0,53;;11
0231816;DC CASA GRAN FUOCO PADELLA 32CM;SUNLUX;5,21;;11
0231816;DC CASA GRAN FUOCO PADELLA 32CM;SUNLUX;5,21;;11
0231820;DC CASA GRAN FUOCO CASSERUOLA 2MAN. 24CM;SUNLUX;5,75;;11
0231822;DC CASA GRAN FUOCO PENTOLA 2MAN. 22CM;SUNLUX;5,74;;11
0232065;DC CASA CARTA FRIGGITRICE ARIA QUADR. 16X16CM;SUNLUX;1,39;;11
0232066;DC CASA CARTA FRIGGITRICE ARIA QUADR. 20X20CM;SUNLUX;1,96;;11
0232067;DC CASA CARTA FRIGGITRICE ARIA TONDA D20X4.5CM;SUNLUX;1,64;;11
0232068;DC CASA CARTA FRIGGITRICE ARIA TONDA D16X4.5CM;SUNLUX;1,31;;11
0232069;DC CASA CARTA FRIGGITRICE ARIA TONDA D20X4.5CM;SUNLUX;1,64;;11
0232183;DC CASA SCATOLA TORTA 23X23CM;SUNLUX;0,57;;11
0233351;DC CASA STAMPO CROSTATINA 9.5X2.5CM 3PZ;SUNLUX;0,98;;11
0233353;DC CASA STAMPO CROSTATINA 6.5X2CM 4PZ;SUNLUX;0,98;;11
0233354;DC CASA STAMPO CROSTATINA 6.5X2CM 4PZ;SUNLUX;0,98;;11
0233596;DC CASA STAMPO DOLCI NUMERI 2.5X2CM 15PZ;SUNLUX;1,39;10 PEZZI;11
0233730;DC CASA OLIERA SPRAY VETRO 100ML;SUNLUX;1,23;;11
0233751;DC CASA CALDAIA MANICO PESANTE 18CM;SUNLUX;2,05;;11
0233752;DC CASA CALDAIA MANICO PESANTE 20CM;SUNLUX;2,20;;11
0233753;DC CASA CALDAIA MANICO PESANTE 22CM;SUNLUX;2,39;;11
0233754;DC CASA CALDAIA MANICO PESANTE 24CM;SUNLUX;2,48;;11
0233755;DC CASA CALDAIA MANICO PESANTE 26CM;SUNLUX;2,82;;11
0233756;DC CASA CALDAIA MANICO PESANTE 28CM;SUNLUX;3,08;;11
0233757;DC CASA CALDAIA MANICO PESANTE 30CM;SUNLUX;3,25;;11
0233758;DC CASA CALDAIA MANICO PESANTE 32CM;SUNLUX;3,76;;11
0233759;DC CASA CALDAIA MANICO PESANTE 34CM;SUNLUX;4,32;;11
0233760;DC CASA CALDAIA MANICO PESANTE 36CM;SUNLUX;5,54;;11
0233761;DC CASA CALDAIA MANICO PESANTE 38CM;SUNLUX;6,67;;11
0233762;DC CASA CALDAIA MANICO PESANTE 40CM;SUNLUX;7,20;;11
0233763;DC CASA COPERCHIO ALLUMINIO 18CM;SUNLUX;0,81;;11
0233764;DC CASA COPERCHIO ALLUMINIO 20CM;SUNLUX;0,90;;11
0233765;DC CASA COPERCHIO ALLUMINIO 22CM;SUNLUX;0,95;;11
0233766;DC CASA COPERCHIO ALLUMINIO 24CM;SUNLUX;1,08;;11
0233767;DC CASA COPERCHIO ALLUMINIO 26CM;SUNLUX;1,20;;11
0233768;DC CASA COPERCHIO ALLUMINIO 28CM;SUNLUX;1,29;;11
0233769;DC CASA COPERCHIO ALLUMINIO 30CM;SUNLUX;1,43;;11
0233770;DC CASA COPERCHIO ALLUMINIO 32CM;SUNLUX;1,62;;11
0233771;DC CASA COPERCHIO ALLUMINIO 34CM;SUNLUX;1,73;;11
0233772;DC CASA COPERCHIO ALLUMINIO 36CM;SUNLUX;1,91;;11
0233773;DC CASA COPERCHIO ALLUMINIO 38CM;SUNLUX;2,16;;11
0233774;DC CASA COPERCHIO ALLUMINIO 40CM;SUNLUX;2,33;;11
0233834;DC CASA BECCUCCIO BIGNE 7.5X1.6CM;SUNLUX;0,74;;11
0233835;DC CASA BECCUCCIO BIGNE 9X2.5CM;SUNLUX;0,86;;11
0233841;DC CASA SPATOLA TORTA 12X9CM 3PZ;SUNLUX;0,74;;11
0233842;DC CASA SPATOLA TORTA 12X8CM 3PZ;SUNLUX;0,74;;11
0233843;DC CASA PALA ALZATORTA 31X23CM;SUNLUX;1,11;;11
0233848;DC CASA SPATOLA DOLCI ACCIAIO 12X10CM;SUNLUX;0,62;;11
0233850;DC CASA STAMPO CANNOLO 12X2.7-8.6X2.6CM 6PZ;SUNLUX;1,43;;11
0233853;DC CASA STAMPO CANNOLO 11.8X2.2CM 3PZ;SUNLUX;0,90;;11
0233908;DC CASA FORCHETTONE BBQ ACCIAIO 39.6CM;SUNLUX;0,98;;11
0233909;DC CASA SPATOLA M/FUNZIONE BBQ ACCIAIO 39.5CM;SUNLUX;2,38;;11
0233911;DC CASA COLTELLO BBQ ACCIAIO 39CM;SUNLUX;1,89;;11
0233912;DC CASA PENNELLO SILICONE BBQ ACCIAIO 40.5CM;SUNLUX;1,88;;11
0233913;DC CASA SPAZZOLA BBQ ACCIAIO 39CM;SUNLUX;2,54;;11
0234050;DC CASA BRICCO BOMBATO C/COP.INOX 6TZ 12.5X10X14;SUNLUX;4,56;;11
0234051;DC CASA BRICCO BOMBATO C/COP.INOX 8TZ 13.5X11.5X15;SUNLUX;4,81;;11
0234053;DC CASA BRICCO BOMBATO INOX 2TZ 8X10X7CM;SUNLUX;3,00;;11
0234054;DC CASA BRICCO BOMBATO INOX 4TZ 9.5X8X11CM;SUNLUX;3,44;;11
0234055;DC CASA BRICCO BOMBATO INOX 6TZ 11X10X14CM;SUNLUX;3,69;;11
0234123;DC CASA MATTARELLO LEGNO 40CM D3.5CM;SUNLUX;1,52;;11
0234158;DC CASA COPERCHIO VETRO TEMPERATO 18CM;SUNLUX;1,48;;11
0234159;DC CASA COPERCHIO VETRO TEMPERATO 20CM;SUNLUX;1,59;;11
0234160;DC CASA COPERCHIO VETRO TEMPERATO 22CM;SUNLUX;1,73;;11
0234161;DC CASA COPERCHIO VETRO TEMPERATO 24CM;SUNLUX;1,85;;11
0234162;DC CASA COPERCHIO VETRO TEMPERATO 26CM;SUNLUX;2,00;;11
0234163;DC CASA COPERCHIO VETRO TEMPERATO 28CM;SUNLUX;2,15;;11
0234164;DC CASA COPERCHIO VETRO TEMPERATO 30CM;SUNLUX;2,34;;11
0234165;DC CASA COPERCHIO VETRO TEMPERATO 32CM;SUNLUX;2,60;;11
0234751;DC CASA SPIEDINO BBQ M/LEGNO 38CM 8PZ;SUNLUX;0,94;4 PEZZI;11
0234755;DC CASA SPIEDINO BBQ 20CM 12PZ;SUNLUX;1,29;6 PEZZI;11
0234756;DC CASA SPIEDINO BBQ 25CM 12PZ;SUNLUX;1,55;6 PEZZI;11
0234879;DC CASA PRESINA TONDA D18CM AVORIO;SUNLUX;0,34;;11
0235331;DC CASA TOVAGLIETTA PVC 30X45CM BEIGE;SUNLUX;0,53;;11
0235332;DC CASA TOVAGLIETTA PVC 30X45CM GRIGIO/NERO;SUNLUX;0,53;;11
0235333;DC CASA TOVAGLIETTA PVC 30X45CM MARRONE/BEIGE;SUNLUX;0,53;;11
0235334;DC CASA TOVAGLIETTA PVC 30X45CM NERO;SUNLUX;0,53;;11
0235335;DC CASA TOVAGLIETTA PVC 30X45CM GRIGIO CHIARO;SUNLUX;0,53;;11
0235336;DC CASA TOVAGLIETTA PVC 30X45CM NERO;SUNLUX;0,53;;11
0235337;DC CASA TOVAGLIETTA PVC 30X45CM VERDE/NERO;SUNLUX;0,53;;11
0235338;DC CASA TOVAGLIETTA PVC 30X45CM OCRA;SUNLUX;0,53;;11
0235340;DC CASA TOVAGLIETTA PVC 30X45CM BEIGE;SUNLUX;0,53;;11
0235341;DC CASA TOVAGLIETTA PVC 30X45CM AZZURRO;SUNLUX;0,53;;11
0235342;DC CASA TOVAGLIETTA PVC 30X45CM ROSA;SUNLUX;0,53;;11
0235345;DC CASA TOVAGLIETTA PVC 30X45CM GRIGIO CHIARO;SUNLUX;0,53;;11
0235347;DC CASA TOVAGLIETTA PVC 30X45CM KAKI;SUNLUX;0,53;;11
0235348;DC CASA TOVAGLIETTA PVC 30X45CM MARRONE;SUNLUX;0,53;;11
0235349;DC CASA TOVAGLIETTA PVC 30X45CM GRIGIO/NERO;SUNLUX;0,53;;11
0235350;DC CASA TOVAGLIETTA PVC 30X45CM AZZURRO;SUNLUX;0,53;;11
0235352;DC CASA TOVAGLIETTA PVC 30X45CM ROSSO;SUNLUX;0,53;;11
0235353;DC CASA TOVAGLIETTA PVC 30X45CM VERDE;SUNLUX;0,53;;11
0235354;DC CASA TOVAGLIETTA PVC 30X45CM GIALLO;SUNLUX;0,53;;11
0235355;DC CASA TOVAGLIETTA PVC 30X45CM AQUAMARINA;SUNLUX;0,53;;11
0235357;DC CASA TOVAGLIETTA PVC 30X45CM NERO;SUNLUX;0,53;;11
0235358;DC CASA TOVAGLIETTA PVC 30X45CM CIOCCOLATO;SUNLUX;0,53;;11
0235361;DC CASA TOVAGLIETTA PVC 30X45CM CAFFE;SUNLUX;0,57;;11
0235462;DIMORAE STROFINACCIO CANDIDO 2CIMOSE 40X70CM;SUNLUX;0,89;;11
0236197;DC CASA OLIERA SPRAY VETRO 320ML 6.8X6.8X20.5CM;SUNLUX;1,15;;11
0236237;DC CASA DOSASPEZIE VETRO 120ML 5X8CM;SUNLUX;0,47;;11
0236254;DC CASA OLIERA SPRAY VETRO 170ML 6X18.4CM;SUNLUX;1,35;;11
0236255;DC CASA OLIERA SPRAY VETRO 300ML 6.6X24.6CM;SUNLUX;1,31;;11
0237275;DC CASA BASE POLISTIROLO RETT. H5CM 10X15CM;SUNLUX;0,29;;11
0237702;DC CASA STAMPO SILICONE 26X17.5X2CM;SUNLUX;2,29;;11
0237703;DC CASA STAMPO SILICONE 26X17.2X3.5CM;SUNLUX;2,29;;11
0237704;DC CASA STAMPO SILICONE 25X17X2.5CM;SUNLUX;2,21;;11
0237705;DC CASA STAMPO SILICONE CIAMBELLINE 25.6X18X2CM;SUNLUX;2,29;;11
0237707;DC CASA STAMPO SILICONE CUPCAKE 25X17X3CM;SUNLUX;2,45;;11
0237708;DC CASA STAMPO SILICONE CUPCAKE 29.3X21.6X3CM;SUNLUX;3,03;;11
0237713;DC CASA STAMPO SILICONE SEMISFERE 30X18X3.7CM;SUNLUX;1,23;;11
0238184;DC CASA PRESINA QUADR. 18X18CM RIGHE;SUNLUX;0,53;;11
0240507;DC CASA VASSOIO PLASTICA STELLA TONDO 24CM;SUNLUX;0,52;;11
0240508;DC CASA VASSOIO PLASTICA STELLA TONDO 26CM;SUNLUX;0,55;;11
0240512;DC CASA VASSOIO TRINATO TONDO BIANCO 23CM;SUNLUX;0,46;;11
0240513;DC CASA VASSOIO TRINATO TONDO BIANCO 26CM;SUNLUX;0,48;;11
0240514;DC CASA VASSOIO TRINATO TONDO BIANCO 28CM;SUNLUX;0,52;;11
0240515;DC CASA VASSOIO TRINATO TONDO BIANCO 30CM;SUNLUX;0,59;;11
0240516;DC CASA VASSOIO TRINATO TONDO BIANCO 32CM;SUNLUX;0,78;;11
0240518;DC CASA VASSOIO TRINATO RETTANG. BIANCO 22X37CM;SUNLUX;0,75;;11
0240519;DC CASA VASSOIO TRINATO RETTANG. BIANCO 26X40CM;SUNLUX;0,91;;11
0240637;L/EMPILABLE COPPETTA VETRO 10CM;SUNLUX;0,45;;11
0240638;L/EMPILABLE COPPETTA VETRO 12CM;SUNLUX;0,63;;11
0240639;L/EMPILABLE COPPETTA VETRO 14CM;SUNLUX;0,74;;11
0240640;L/EMPILABLE INSALATIERA VETRO 20CM;SUNLUX;2,13;;11
0242002;DC CASA BASE POLISTIROLO TONDA H2.5CM D20CM;SUNLUX;0,64;;11
0242009;DC CASA BASE POLISTIROLO TONDA H5CM D30CM;SUNLUX;1,27;;11
0242010;DC CASA BASE POLISTIROLO TONDA H5CM D35CM;SUNLUX;1,75;;11
0242011;DC CASA BASE POLISTIROLO TONDA H5CM D40CM;SUNLUX;2,23;;11
0242014;DC CASA BASE POLISTIROLO TONDA H7.5CM D20CM;SUNLUX;0,88;;11
0242015;DC CASA BASE POLISTIROLO TONDA H7.5CM D25CM;SUNLUX;1,35;;11